2021-09-01 周三,30°,23°,阴,西南风2级
2021-09-02 周四,27°,23°,中雨~大雨,西风2级
2021-09-03 周五,25°,23°,大雨~小雨,东南风1级
2021-09-04 周六,25°,22°,小雨~阴,东北风2级
2021-09-05 周日,25°,21°,阴~小雨,东北风2级
2021-09-06 周一,27°,22°,多云~小雨,东北风2级
2021-09-07 周二,28°,22°,小雨~大雨,东南风2级
2021-09-08 周三,27°,21°,小雨~多云,西风2级
2021-09-09 周四,27°,21°,多云,东北风2级
2021-09-10 周五,27°,21°,小雨~阴,西北风1级
2021-09-11 周六,27°,22°,小雨~阴,南风1级
2021-09-12 周日,27°,22°,小雨~阴,东风1级
2021-09-13 周一,25°,22°,小雨~中雨,东风1级
2021-09-14 周二,22°,21°,大雨~小雨,东风2级
2021-08-01 周日,30°,25°,中雨~暴雨,西南风2级
2021-08-02 周一,31°,25°,中雨~小雨,东南风1级
2021-08-03 周二,30°,24°,中雨~阴,北风1级
2021-08-04 周三,32°,24°,多云,东北风1级
2021-08-05 周四,34°,25°,晴,东北风2级
2021-08-06 周五,33°,24°,晴,东北风2级
2021-08-07 周六,33°,26°,中雨,东南风2级
2021-08-08 周日,28°,23°,中雨~暴雨,东北风2级
2021-08-09 周一,27°,23°,中雨~多云,西北风3级
2021-08-10 周二,28°,23°,小雨~阴,南风1级
2021-08-11 周三,24°,22°,大雨,东南风2级
2021-08-12 周四,24°,22°,大雨~暴雨,西南风2级
2021-08-13 周五,24°,22°,暴雨,东南风2级
2021-08-14 周六,24°,22°,暴雨~大雨,东南风2级
2021-08-15 周日,27°,23°,小雨,东北风3级
2021-08-16 周一,23°,21°,大雨,东南风1级
2021-08-17 周二,25°,22°,大雨~中雨,南风2级
2021-08-18 周三,24°,22°,中雨,南风2级
2021-08-19 周四,27°,22°,小雨~多云,西南风2级
2021-08-20 周五,28°,22°,中雨~多云,南风1级
2021-08-21 周六,28°,22°,中雨~小雨,南风3级
2021-08-22 周日,28°,24°,小雨~阴,西南风3级
2021-08-23 周一,29°,24°,小雨,东南风2级
2021-08-24 周二,28°,24°,小雨,西南风4级
2021-08-25 周三,29°,25°,小雨~阴,西南风3级
2021-08-26 周四,28°,24°,中雨~小雨,西南风2级
2021-08-27 周五,29°,23°,小雨~多云,西南风2级
2021-08-28 周六,30°,23°,晴,西南风2级
2021-08-29 周日,30°,24°,晴,西南风2级
2021-08-30 周一,30°,23°,多云,西风2级
2021-08-31 周二,31°,24°,多云~阴,西北风1级
2021-07-01 周四,30°,22°,多云,东北风2级
2021-07-02 周五,28°,22°,小雨~阴,东北风2级
2021-07-03 周六,25°,23°,中雨~小雨,东南风2级
2021-07-04 周日,30°,24°,阴,西南风4级
2021-07-05 周一,30°,24°,小雨~阴,西南风3级
2021-07-06 周二,31°,24°,阴,西南风3级
2021-07-07 周三,29°,25°,小雨,西南风3级
2021-07-08 周四,27°,24°,中雨,西南风3级
2021-07-09 周五,26°,23°,中雨~阴,西南风2级
2021-07-10 周六,26°,23°,小雨,南风2级
2021-07-11 周日,29°,22°,小雨~阴,西南风2级
2021-07-12 周一,30°,23°,小雨~阴,西南风2级
2021-07-13 周二,30°,23°,小雨,西南风1级
2021-07-14 周三,31°,24°,小雨~晴,西北风1级
2021-07-15 周四,31°,24°,小雨,东北风1级
2021-07-16 周五,29°,22°,小雨,东风2级
2021-07-17 周六,27°,22°,小雨~阴,东南风2级
2021-07-18 周日,31°,22°,中雨~小雨,东南风2级
2021-07-19 周一,31°,24°,小雨~阴,东南风1级
2021-07-20 周二,33°,23°,阴,东北风2级
2021-07-21 周三,32°,24°,阴,东风3级
2021-07-22 周四,31°,24°,阴,东风2级
2021-07-23 周五,31°,23°,阴,东风2级
2021-07-24 周六,33°,24°,阴,东风3级
2021-07-25 周日,33°,23°,阴,东南风2级
2021-07-26 周一,33°,23°,多云,东北风2级
2021-07-27 周二,32°,24°,晴,东北风2级
2021-07-28 周三,31°,24°,晴,北风2级
2021-07-29 周四,32°,24°,晴~多云,西北风1级
2021-07-30 周五,33°,24°,多云~阴,西北风2级
2021-07-31 周六,32°,24°,中雨~小雨,西南风2级
2021-06-01 周二,28°,18°,晴~阴,东北风2级
2021-06-02 周三,26°,20°,阴~多云,西南风1级
2021-06-03 周四,21°,18°,中雨~大雨,东南风2级
2021-06-04 周五,21°,17°,小雨~阴,西风2级
2021-06-05 周六,23°,16°,阴,西南风2级
2021-06-06 周日,25°,16°,阴,西南风1级
2021-06-07 周一,26°,18°,多云~阴,西风1级
2021-06-08 周二,28°,20°,多云~阴,北风2级
2021-06-09 周三,29°,20°,多云,东北风2级
2021-06-10 周四,29°,21°,阴,西南风1级
2021-06-11 周五,23°,20°,中雨~小雨,东南风2级
2021-06-12 周六,25°,20°,小雨~多云,东南风2级
2021-06-13 周日,27°,21°,小雨~多云,西南风1级
2021-06-14 周一,28°,20°,阴,北风1级
2021-06-15 周二,26°,20°,中雨,东南风1级
2021-06-16 周三,21°,19°,中雨~多云,东北风2级
2021-06-17 周四,26°,19°,小雨,东北风2级
2021-06-18 周五,22°,21°,中雨,南风1级
2021-06-19 周六,26°,20°,多云,西北风2级
2021-06-20 周日,27°,18°,多云,东北风2级
2021-06-21 周一,28°,19°,多云,西北风2级
2021-06-22 周二,26°,19°,多云~晴,东北风3级
2021-06-23 周三,27°,19°,晴,北风2级
2021-06-24 周四,26°,19°,多云~阴,北风2级
2021-06-25 周五,27°,19°,多云~阴,北风1级
2021-06-26 周六,27°,21°,阴~小雨,东风1级
2021-06-27 周日,29°,21°,多云~阴,东北风2级
2021-06-28 周一,27°,21°,小雨~多云,东北风2级
2021-06-29 周二,27°,21°,多云,北风2级
2021-06-30 周三,30°,21°,小雨~多云,北风1级
2021-05-01 周六,17°,11°,小雨~多云,西风0级
2021-05-02 周日,14°,10°,中雨~晴,西北风3级
2021-05-03 周一,19°,9°,多云,西南风0级
2021-05-04 周二,20°,11°,阴~中雨,南风0级
2021-05-05 周三,20°,13°,小雨~晴,西南风3级
2021-05-06 周四,23°,12°,多云~小雨,东北风1级
2021-05-07 周五,20°,15°,多云,南风2级
2021-05-08 周六,20°,16°,阴,西南风0级
2021-05-09 周日,21°,15°,晴,西风0级
2021-05-10 周一,24°,14°,晴~多云,西北风0级
2021-05-11 周二,22°,16°,阴~小雨,东北风2级
2021-05-12 周三,18°,15°,大雨~小雨,东北风3级
2021-05-13 周四,21°,16°,阴,东北风2级
2021-05-14 周五,25°,18°,阴~小雨,东风1级
2021-05-15 周六,21°,20°,大雨~小雨,东南风2级
2021-05-16 周日,24°,20°,小雨,西南风3级
2021-05-17 周一,22°,18°,小雨~阴,西南风3级
2021-05-18 周二,19°,16°,小雨~阴,西南风2级
2021-05-19 周三,23°,16°,阴~小雨,西南风1级
2021-05-20 周四,21°,17°,大雨,西南风3级
2021-05-21 周五,20°,15°,阴~多云,西南风3级
2021-05-22 周六,20°,14°,阴~晴,西风2级
2021-05-23 周日,25°,15°,多云~小雨,西南风1级
2021-05-24 周一,19°,16°,中雨~多云,西北风0级
2021-05-25 周二,25°,15°,多云~阴,西南风3级
2021-05-26 周三,22°,14°,阴~大雨,南风2级
2021-05-27 周四,21°,14°,小雨~阴,西南风2级
2021-05-28 周五,24°,16°,阴~小雨,西南风3级
2021-05-29 周六,22°,15°,晴~多云,西风2级
2021-05-30 周日,25°,15°,多云~晴,东北风1级
2021-05-31 周一,27°,17°,晴~阴,东北风2级
2021-04-01 周四,20°,11°,阴,东北风2级
2021-04-02 周五,23°,13°,多云,东南风2级
2021-04-03 周六,22°,14°,多云~小雨,东南风2级
2021-04-04 周日,17°,11°,中雨~小雨,北风3级
2021-04-05 周一,13°,9°,多云~晴,东北风4级
2021-04-06 周二,15°,7°,晴~多云,北风2级
2021-04-07 周三,18°,9°,多云~阴,北风2级
2021-04-08 周四,18°,11°,多云~晴,西北风0级
2021-04-09 周五,17°,9°,阴~晴,东北风3级
2021-04-10 周六,15°,7°,多云,东北风3级
2021-04-11 周日,20°,8°,多云,东北风2级
2021-04-12 周一,19°,11°,小雨,东南风2级
2021-04-13 周二,17°,12°,小雨~阴,西南风3级
2021-04-14 周三,13°,9°,多云,西北风3级
2021-04-15 周四,18°,8°,阴~晴,东北风2级
2021-04-16 周五,15°,11°,小雨,东南风0级
2021-04-17 周六,19°,10°,小雨~晴,西南风3级
2021-04-18 周日,13°,8°,晴,西北风3级
2021-04-19 周一,18°,7°,晴,西南风2级
2021-04-20 周二,21°,9°,多云,西南风2级
2021-04-21 周三,24°,12°,多云~阴,东北风2级
2021-04-22 周四,26°,15°,阴,东北风2级
2021-04-23 周五,25°,15°,阴~多云,东风2级
2021-04-24 周六,22°,15°,小雨~多云,东北风2级
2021-04-25 周日,19°,12°,晴,东北风3级
2021-04-26 周一,18°,9°,多云~阴,东北风3级
2021-04-27 周二,19°,11°,阴~大雨,东南风0级
2021-04-28 周三,16°,14°,小雨~大雨,南风1级
2021-04-29 周四,18°,13°,小雨~多云,西南风2级
2021-04-30 周五,19°,12°,小雨~大雨,西南风3级
2021-03-01 周一,21°,10°,多云~中雨,南风3级
2021-03-02 周二,17°,5°,小雨,北风4级
2021-03-03 周三,11°,4°,多云~阴,东北风3级
2021-03-04 周四,16°,7°,小雨,东风2级
2021-03-05 周五,16°,11°,阴,东北风2级
2021-03-06 周六,14°,8°,阴,东北风3级
2021-03-07 周日,11°,7°,小雨~阴,东北风3级
2021-03-08 周一,13°,8°,晴~多云,东北风3级
2021-03-09 周二,13°,7°,阴~多云,北风2级
2021-03-10 周三,15°,8°,晴,东北风2级
2021-03-11 周四,18°,8°,阴~小雨,东北风1级
2021-03-12 周五,14°,11°,小雨,东南风2级
2021-03-13 周六,13°,9°,多云,北风4级
2021-03-14 周日,15°,9°,多云~晴,西北风2级
2021-03-15 周一,17°,8°,多云,西南风1级
2021-03-16 周二,15°,13°,中雨~多云,西南风0级
2021-03-17 周三,17°,10°,多云,北风2级
2021-03-18 周四,20°,9°,晴~多云,东北风2级
2021-03-19 周五,19°,11°,多云~小雨,东北风2级
2021-03-20 周六,19°,13°,中雨,东南风0级
2021-03-21 周日,16°,9°,小雨~多云,西北风3级
2021-03-22 周一,9°,6°,多云,西北风0级
2021-03-23 周二,14°,6°,晴~多云,西南风2级
2021-03-24 周三,16°,7°,阴,西南风0级
2021-03-25 周四,17°,11°,多云~晴,西北风0级
2021-03-26 周五,19°,10°,多云,东北风0级
2021-03-27 周六,20°,11°,阴~中雨,南风2级
2021-03-28 周日,16°,11°,中雨~晴,西南风3级
2021-03-29 周一,19°,10°,晴~多云,西南风0级
2021-03-30 周二,18°,11°,多云,北风2级
2021-03-31 周三,19°,10°,阴,东北风2级
2021-02-01 周一,13°,7°,大雨,西南风3级
2021-02-02 周二,10°,4°,晴~多云,西北风3级
2021-02-03 周三,7°,3°,多云~小雨,西北风3级
2021-02-04 周四,11°,4°,多云~晴,西风0级
2021-02-05 周五,11°,4°,多云~小雨,西南风2级
2021-02-06 周六,14°,8°,多云~晴,西南风2级
2021-02-07 周日,14°,8°,多云~晴,西风2级
2021-02-08 周一,9°,4°,晴,西北风3级
2021-02-09 周二,7°,3°,晴,西北风0级
2021-02-10 周三,12°,4°,多云,西南风2级
2021-02-11 周四,13°,6°,阴,东北风0级
2021-02-12 周五,16°,9°,阴~多云,东南风1级
2021-02-13 周六,18°,10°,多云~小雨,东北风0级
2021-02-14 周日,19°,12°,中雨~大雨,东北风2级
2021-02-15 周一,13°,5°,小雨~多云,西北风4级
2021-02-16 周二,8°,4°,多云~小雨,西风3级
2021-02-17 周三,6°,-2°,小雪~阴,西北风5级
2021-02-18 周四,2°,-2°,小雪~多云,西北风4级
2021-02-19 周五,10°,1°,晴,西南风0级
2021-02-20 周六,17°,6°,晴,西南风3级
2021-02-21 周日,19°,10°,晴,西南风3级
2021-02-22 周一,19°,11°,晴~多云,西南风3级
2021-02-23 周二,13°,9°,多云,北风3级
2021-02-24 周三,12°,7°,晴~多云,东北风0级
2021-02-25 周四,15°,6°,阴~大雨,东北风2级
2021-02-26 周五,9°,7°,大雨~阴,东北风0级
2021-02-27 周六,10°,5°,阴,东北风3级
2021-02-28 周日,18°,6°,多云~晴,东南风0级
2021-01-01 周五,6°,4°,小雨~多云,西北风2级
2021-01-02 周六,6°,4°,多云~阴,西北风3级
2021-01-03 周日,9°,4°,多云~阴,东北风2级
2021-01-04 周一,9°,5°,小雨~阴,北风2级
2021-01-05 周二,6°,3°,小雨~中雪,西北风3级
2021-01-06 周三,3°,-3°,小雪,西北风4级
2021-01-07 周四,-1°,-3°,小雪,西北风3级
2021-01-08 周五,1°,-3°,小雪~阴,西北风4级
2021-01-09 周六,3°,-1°,阴~小雪,西北风3级
2021-01-10 周日,6°,1°,小雨~中雨,南风1级
2021-01-11 周一,5°,2°,小雨,西北风3级
2021-01-12 周二,9°,3°,多云,西南风3级
2021-01-13 周三,12°,7°,多云~晴,西南风2级
2021-01-14 周四,14°,7°,多云~小雨,南风2级
2021-01-15 周五,15°,7°,多云~小雨,南风2级
2021-01-16 周六,11°,7°,多云~阴,西北风3级
2021-01-17 周日,7°,2°,多云~小雪,西北风3级
2021-01-18 周一,7°,2°,小雨~多云,西风3级
2021-01-19 周二,6°,2°,晴,北风3级
2021-01-20 周三,11°,2°,晴,东风1级
2021-01-21 周四,13°,6°,多云~小雨,东南风1级
2021-01-22 周五,16°,10°,小雨,南风0级
2021-01-23 周六,12°,10°,中雨~小雨,东北风2级
2021-01-24 周日,10°,7°,阴~多云,东北风4级
2021-01-25 周一,13°,6°,晴~多云,东北风0级
2021-01-26 周二,11°,8°,中雨~小雨,东北风2级
2021-01-27 周三,11°,7°,多云,东北风3级
2021-01-28 周四,11°,2°,阴~小雪,西北风3级
2021-01-29 周五,2°,0°,阴~多云,西北风4级
2021-01-30 周六,8°,2°,多云,西南风2级
2021-01-31 周日,12°,5°,晴~多云,西南风1级
2020-12-01 周二,14°,8°,晴~小雨,东北风2级
2020-12-02 周三,12°,9°,多云,北风3级
2020-12-03 周四,11°,7°,多云~阴,北风2级
2020-12-04 周五,11°,8°,晴,北风2级
2020-12-05 周六,14°,7°,晴,东北风1级
2020-12-06 周日,14°,8°,晴~多云,北风2级
2020-12-07 周一,11°,8°,多云,西北风2级
2020-12-08 周二,12°,7°,晴~多云,东北风2级
2020-12-09 周三,14°,8°,多云,西北风2级
2020-12-10 周四,14°,9°,小雨~阴,西北风1级
2020-12-11 周五,13°,9°,多云,西北风2级
2020-12-12 周六,12°,7°,阴~小雨,西北风2级
2020-12-13 周日,10°,3°,多云~阴,西北风4级
2020-12-14 周一,4°,1°,多云,西北风4级
2020-12-15 周二,4°,2°,阴~多云,西北风3级
2020-12-16 周三,6°,2°,晴~小雨,西北风3级
2020-12-17 周四,8°,3°,多云~阴,西风2级
2020-12-18 周五,7°,4°,多云~晴,西北风3级
2020-12-19 周六,7°,4°,多云,西北风3级
2020-12-20 周日,8°,4°,多云~阴,西北风3级
2020-12-21 周一,9°,6°,阴~小雨,西风2级
2020-12-22 周二,11°,6°,多云~小雨,西南风1级
2020-12-23 周三,11°,8°,中雨~多云,西南风2级
2020-12-24 周四,8°,5°,多云,西北风3级
2020-12-25 周五,10°,4°,多云,西风1级
2020-12-26 周六,12°,5°,小雨,东风1级
2020-12-27 周日,13°,8°,多云,东北风2级
2020-12-28 周一,14°,8°,阴~大雨,东南风2级
2020-12-29 周二,11°,-1°,多云~阴,西北风5级
2020-12-30 周三,3°,-1°,阴~小雪,西北风4级
2020-12-31 周四,5°,3°,小雨,西北风3级
2020-11-01 周日,18°,14°,小雨~多云,北风2级
2020-11-02 周一,16°,11°,晴~多云,西北风3级
2020-11-03 周二,13°,9°,晴,西北风3级
2020-11-04 周三,18°,9°,晴~多云,东北风1级
2020-11-05 周四,22°,14°,多云~小雨,东南风1级
2020-11-06 周五,21°,17°,小雨,西风2级
2020-11-07 周六,18°,13°,晴,西北风3级
2020-11-08 周日,14°,11°,晴~多云,西北风3级
2020-11-09 周一,15°,11°,多云~晴,西北风2级
2020-11-10 周二,16°,10°,晴,东北风2级
2020-11-11 周三,19°,10°,晴,东北风2级
2020-11-12 周四,18°,12°,晴,东北风2级
2020-11-13 周五,19°,12°,晴,东北风2级
2020-11-14 周六,21°,13°,多云~小雨,南风1级
2020-11-15 周日,19°,16°,阴~多云,东北风1级
2020-11-16 周一,23°,16°,小雨~多云,东北风1级
2020-11-17 周二,23°,17°,多云,东南风2级
2020-11-18 周三,23°,18°,小雨~大雨,南风3级
2020-11-19 周四,20°,13°,多云,西风3级
2020-11-20 周五,16°,13°,多云,东北风3级
2020-11-21 周六,17°,13°,小雨,西风2级
2020-11-22 周日,14°,11°,多云,西北风3级
2020-11-23 周一,16°,11°,多云,东北风2级
2020-11-24 周二,15°,12°,小雨~多云,西北风2级
2020-11-25 周三,16°,12°,多云,东北风2级
2020-11-26 周四,16°,11°,小雨~多云,西北风3级
2020-11-27 周五,11°,8°,多云~阴,西北风3级
2020-11-28 周六,10°,8°,多云~晴,西北风2级
2020-11-29 周日,10°,8°,多云~晴,西北风2级
2020-11-30 周一,13°,7°,晴,东北风2级
2020-10-01 周四,26°,18°,晴~多云,西风1级
2020-10-02 周五,26°,20°,阴,西北风1级
2020-10-03 周六,25°,21°,阴~小雨,西风2级
2020-10-04 周日,21°,17°,多云~晴,西北风3级
2020-10-05 周一,22°,17°,晴,东北风3级
2020-10-06 周二,22°,16°,晴,东北风4级
2020-10-07 周三,21°,18°,多云,东北风4级
2020-10-08 周四,23°,18°,多云,东北风4级
2020-10-09 周五,22°,19°,阴~小雨,东北风4级
2020-10-10 周六,22°,19°,多云~小雨,东北风3级
2020-10-11 周日,22°,18°,小雨~晴,西北风2级
2020-10-12 周一,23°,17°,晴,北风2级
2020-10-13 周二,22°,17°,小雨~晴,东北风3级
2020-10-14 周三,21°,16°,晴~多云,东北风3级
2020-10-15 周四,21°,15°,阴,东北风3级
2020-10-16 周五,20°,14°,多云,东北风3级
2020-10-17 周六,21°,16°,多云,东北风2级
2020-10-18 周日,22°,17°,多云,东北风3级
2020-10-19 周一,21°,15°,晴,东北风3级
2020-10-20 周二,23°,14°,阴~大雨,东风2级
2020-10-21 周三,20°,17°,中雨,西北风2级
2020-10-22 周四,17°,13°,多云~晴,西北风3级
2020-10-23 周五,16°,13°,晴,西北风3级
2020-10-24 周六,20°,13°,晴~多云,西北风2级
2020-10-25 周日,21°,13°,晴~多云,东北风1级
2020-10-26 周一,21°,14°,晴~阴,东北风1级
2020-10-27 周二,22°,15°,多云~晴,西北风1级
2020-10-28 周三,21°,16°,晴~多云,北风2级
2020-10-29 周四,18°,13°,多云~晴,东北风4级
2020-10-30 周五,20°,12°,晴~多云,东北风2级
2020-10-31 周六,22°,14°,多云~中雨,东南风1级
2020-09-01 周二,34°,27°,中雨~大雨,东南风5级
2020-09-02 周三,31°,25°,中雨~多云,西南风5级
2020-09-03 周四,30°,24°,多云~阴,西北风2级
2020-09-04 周五,26°,22°,暴雨~小雨,东北风3级
2020-09-05 周六,28°,23°,中雨~大雨,东北风4级
2020-09-06 周日,28°,24°,小雨~多云,南风6级
2020-09-07 周一,29°,23°,晴~多云,西南风3级
2020-09-08 周二,30°,24°,中雨~多云,西南风2级
2020-09-09 周三,29°,23°,多云,西北风1级
2020-09-10 周四,28°,23°,中雨,东北风1级
2020-09-11 周五,26°,22°,小雨,东北风2级
2020-09-12 周六,25°,21°,小雨~多云,东北风3级
2020-09-13 周日,27°,20°,多云,东北风2级
2020-09-14 周一,29°,21°,多云~阴,东北风1级
2020-09-15 周二,24°,22°,小雨~中雨,南风2级
2020-09-16 周三,25°,22°,大雨,西南风2级
2020-09-17 周四,23°,20°,大雨~小雨,西北风2级
2020-09-18 周五,26°,20°,多云~阴,北风2级
2020-09-19 周六,25°,20°,多云~晴,西北风2级
2020-09-20 周日,24°,19°,多云,东北风3级
2020-09-21 周一,25°,18°,阴~多云,东北风3级
2020-09-22 周二,26°,20°,多云~阴,东北风3级
2020-09-23 周三,23°,20°,小雨~中雨,东北风2级
2020-09-24 周四,24°,20°,多云~小雨,东北风3级
2020-09-25 周五,24°,20°,小雨,东北风3级
2020-09-26 周六,23°,18°,小雨~晴,东北风4级
2020-09-27 周日,23°,17°,多云~阴,东北风3级
2020-09-28 周一,25°,18°,多云~阴,东北风2级
2020-09-29 周二,24°,19°,多云~晴,东北风2级
2020-09-30 周三,24°,19°,晴,东北风3级
2020-08-01 周六,33°,25°,多云,西南风2级
2020-08-02 周日,32°,24°,阴~多云,西南风2级
2020-08-03 周一,33°,25°,多云,西南风1级
2020-08-04 周二,33°,26°,多云,西南风1级
2020-08-05 周三,31°,25°,阴~小雨,西南风3级
2020-08-06 周四,32°,26°,小雨~阴,西南风3级
2020-08-07 周五,31°,26°,阴~多云,西南风3级
2020-08-08 周六,32°,26°,小雨~多云,南风3级
2020-08-09 周日,32°,27°,小雨~多云,南风4级
2020-08-10 周一,29°,25°,中雨~小雨,西南风3级
2020-08-11 周二,31°,26°,小雨~大雨,西南风2级
2020-08-12 周三,33°,26°,多云~晴,西南风2级
2020-08-13 周四,34°,26°,晴,西南风3级
2020-08-14 周五,34°,26°,晴,西南风2级
2020-08-15 周六,34°,26°,晴,西北风2级
2020-08-16 周日,34°,26°,晴,西北风2级
2020-08-17 周一,34°,25°,多云,西北风2级
2020-08-18 周二,35°,25°,多云~晴,西北风1级
2020-08-19 周三,36°,26°,阴,西北风1级
2020-08-20 周四,35°,26°,多云,北风2级
2020-08-21 周五,32°,26°,小雨~大雨,东北风2级
2020-08-22 周六,33°,26°,小雨~晴,西北风1级
2020-08-23 周日,34°,26°,晴~多云,东北风1级
2020-08-24 周一,36°,27°,小雨,东南风2级
2020-08-25 周二,35°,27°,多云~小雨,东南风3级
2020-08-26 周三,32°,27°,小雨,南风3级
2020-08-27 周四,32°,26°,中雨,西南风2级
2020-08-28 周五,35°,26°,小雨~大雨,北风2级
2020-08-29 周六,34°,27°,晴~多云,东北风2级
2020-08-30 周日,33°,27°,小雨~晴,东北风3级
2020-08-31 周一,36°,26°,多云~小雨,东风2级
2020-07-01 周三,25°,21°,多云,西南风3级
2020-07-02 周四,28°,20°,阴,北风2级
2020-07-03 周五,26°,21°,中雨~大雨,东北风2级
2020-07-04 周六,26°,21°,多云~小雨,北风2级
2020-07-05 周日,27°,21°,阴~暴雨,西南风1级
2020-07-06 周一,25°,23°,大雨~中雨,西南风3级
2020-07-07 周二,25°,21°,大雨,南风3级
2020-07-08 周三,29°,22°,小雨~中雨,西北风2级
2020-07-09 周四,27°,23°,大雨,东南风2级
2020-07-10 周五,25°,23°,大雨,南风3级
2020-07-11 周六,28°,22°,小雨~大雨,西风2级
2020-07-12 周日,23°,22°,小雨~阴,东北风2级
2020-07-13 周一,27°,22°,小雨~大雨,西南风3级
2020-07-14 周二,25°,21°,小雨,西风3级
2020-07-15 周三,23°,20°,小雨~阴,西北风2级
2020-07-16 周四,26°,20°,阴~多云,东北风2级
2020-07-17 周五,27°,20°,多云,北风2级
2020-07-18 周六,29°,21°,阴,北风1级
2020-07-19 周日,32°,23°,中雨~多云,南风2级
2020-07-20 周一,30°,25°,小雨~大雨,西南风2级
2020-07-21 周二,31°,25°,阴,西南风2级
2020-07-22 周三,26°,24°,大雨~暴雨,东南风2级
2020-07-23 周四,28°,24°,大雨~小雨,西南风4级
2020-07-24 周五,26°,22°,小雨~中雨,西南风3级
2020-07-25 周六,30°,23°,大雨~小雨,南风2级
2020-07-26 周日,26°,24°,大雨~中雨,南风3级
2020-07-27 周一,29°,25°,大雨~阴,西南风3级
2020-07-28 周二,31°,25°,阴~晴,西南风2级
2020-07-29 周三,32°,25°,晴,西风2级
2020-07-30 周四,32°,25°,阴,西风2级
2020-07-31 周五,32°,25°,阴,西北风2级
2020-06-01 周一,26°,19°,小雨~晴,西南风2级
2020-06-02 周二,26°,17°,多云,西南风2级
2020-06-03 周三,25°,19°,小雨~阴,南风2级
2020-06-04 周四,29°,19°,阴~多云,西北风1级
2020-06-05 周五,29°,20°,阴,西风1级
2020-06-06 周六,25°,20°,小雨,西北风1级
2020-06-07 周日,27°,19°,晴,北风2级
2020-06-08 周一,30°,19°,多云,东北风1级
2020-06-09 周二,32°,22°,多云~小雨,东南风1级
2020-06-10 周三,30°,22°,多云~中雨,东南风2级
2020-06-11 周四,25°,23°,大雨~阴,西南风2级
2020-06-12 周五,28°,23°,小雨~中雨,西南风2级
2020-06-13 周六,27°,24°,中雨~小雨,西南风3级
2020-06-14 周日,26°,24°,中雨~阴,西南风4级
2020-06-15 周一,27°,22°,阴,西南风3级
2020-06-16 周二,28°,21°,多云~阴,西风2级
2020-06-17 周三,28°,20°,阴~中雨,西风2级
2020-06-18 周四,23°,20°,大雨,东南风2级
2020-06-19 周五,22°,19°,小雨~多云,北风3级
2020-06-20 周六,25°,19°,阴~多云,东北风3级
2020-06-21 周日,27°,20°,阴~多云,东北风2级
2020-06-22 周一,31°,20°,晴,东北风2级
2020-06-23 周二,31°,22°,晴~阴,北风2级
2020-06-24 周三,31°,23°,多云~小雨,西南风1级
2020-06-25 周四,30°,23°,中雨~大雨,西南风3级
2020-06-26 周五,29°,23°,小雨,西南风2级
2020-06-27 周六,29°,23°,中雨~大雨,西南风2级
2020-06-28 周日,28°,23°,阴~多云,西北风2级
2020-06-29 周一,29°,22°,小雨~大雨,东南风2级
2020-06-30 周二,26°,22°,小雨~阴,西南风4级
2020-05-01 周五,24°,14°,晴~多云,西南风2级
2020-05-02 周六,25°,16°,多云~小雨,西南风2级
2020-05-03 周日,20°,17°,中雨~小雨,东南风2级
2020-05-04 周一,24°,17°,多云~晴,西风1级
2020-05-05 周二,26°,16°,阴,北风2级
2020-05-06 周三,22°,16°,多云~晴,东北风3级
2020-05-07 周四,21°,14°,多云,东北风3级
2020-05-08 周五,25°,14°,多云~阴,东南风2级
2020-05-09 周六,22°,17°,小雨,南风3级
2020-05-10 周日,23°,16°,小雨~多云,西南风3级
2020-05-11 周一,24°,15°,晴,西南风2级
2020-05-12 周二,23°,16°,多云~晴,西南风3级
2020-05-13 周三,20°,14°,晴,西北风2级
2020-05-14 周四,26°,15°,多云~阴,西北风1级
2020-05-15 周五,23°,17°,中雨,东南风2级
2020-05-16 周六,24°,19°,中雨~小雨,西南风2级
2020-05-17 周日,26°,18°,阴,西北风1级
2020-05-18 周一,22°,19°,大雨~小雨,东南风2级
2020-05-19 周二,21°,15°,多云,西南风4级
2020-05-20 周三,20°,14°,多云,西北风3级
2020-05-21 周四,19°,13°,阴~晴,东北风3级
2020-05-22 周五,25°,14°,多云~晴,东北风2级
2020-05-23 周六,25°,17°,多云,东北风2级
2020-05-24 周日,27°,18°,晴~多云,西北风2级
2020-05-25 周一,24°,19°,小雨,西风2级
2020-05-26 周二,21°,17°,阴~多云,西南风2级
2020-05-27 周三,23°,16°,多云,西北风2级
2020-05-28 周四,25°,16°,晴~多云,西风2级
2020-05-29 周五,25°,17°,多云~阴,西北风2级
2020-05-30 周六,27°,18°,阴~小雨,西北风1级
2020-05-31 周日,26°,18°,阴,东北风1级
2020-04-01 周三,12°,9°,小雨~多云,西北风3级
2020-04-02 周四,14°,8°,晴~多云,东北风3级
2020-04-03 周五,17°,9°,阴~多云,西北风1级
2020-04-04 周六,17°,9°,晴~小雨,西南风3级
2020-04-05 周日,11°,7°,多云,东北风3级
2020-04-06 周一,16°,6°,多云~阴,东北风2级
2020-04-07 周二,17°,9°,晴,西南风2级
2020-04-08 周三,17°,10°,晴~多云,西南风3级
2020-04-09 周四,16°,9°,多云~晴,西北风2级
2020-04-10 周五,14°,9°,晴~多云,东北风3级
2020-04-11 周六,16°,8°,阴~小雨,东北风2级
2020-04-12 周日,9°,8°,小雨,东北风3级
2020-04-13 周一,9°,7°,小雨~多云,西北风5级
2020-04-14 周二,17°,8°,晴~阴,西北风2级
2020-04-15 周三,18°,10°,阴,西南风2级
2020-04-16 周四,17°,11°,晴~多云,西北风2级
2020-04-17 周五,20°,12°,中雨,西南风3级
2020-04-18 周六,15°,11°,晴~多云,西北风3级
2020-04-19 周日,17°,10°,中雨,东北风2级
2020-04-20 周一,17°,12°,多云,西南风3级
2020-04-21 周二,16°,10°,多云~阴,西北风3级
2020-04-22 周三,12°,7°,多云,西北风4级
2020-04-23 周四,11°,7°,多云~晴,西北风3级
2020-04-24 周五,13°,7°,晴,西北风3级
2020-04-25 周六,18°,8°,晴~多云,西南风3级
2020-04-26 周日,17°,10°,阴~多云,西南风3级
2020-04-27 周一,18°,10°,晴~多云,西北风2级
2020-04-28 周二,18°,10°,晴,西北风2级
2020-04-29 周三,20°,10°,晴,西南风2级
2020-04-30 周四,22°,12°,晴,西南风2级
2020-03-01 周日,13°,7°,阴~多云,东北风2级
2020-03-02 周一,11°,7°,多云,西北风3级
2020-03-03 周二,15°,6°,多云~小雨,东北风2级
2020-03-04 周三,12°,4°,阴~多云,西北风3级
2020-03-05 周四,8°,3°,多云~晴,西北风3级
2020-03-06 周五,12°,3°,多云,东北风1级
2020-03-07 周六,14°,6°,小雨,东北风2级
2020-03-08 周日,13°,8°,多云,东北风3级
2020-03-09 周一,16°,7°,中雨,东南风2级
2020-03-10 周二,12°,9°,小雨~阴,西北风3级
2020-03-11 周三,11°,6°,晴,西北风3级
2020-03-12 周四,14°,5°,晴~阴,西南风2级
2020-03-13 周五,15°,8°,阴~小雨,西北风2级
2020-03-14 周六,10°,6°,多云~晴,西北风3级
2020-03-15 周日,11°,6°,多云,西北风4级
2020-03-16 周一,9°,4°,多云,西北风3级
2020-03-17 周二,15°,5°,多云,西南风3级
2020-03-18 周三,16°,8°,多云,西南风2级
2020-03-19 周四,19°,8°,多云,西南风3级
2020-03-20 周五,13°,7°,晴,西北风3级
2020-03-21 周六,19°,8°,晴~阴,西南风3级
2020-03-22 周日,19°,11°,小雨~多云,西南风2级
2020-03-23 周一,15°,10°,晴,西北风2级
2020-03-24 周二,16°,9°,晴,东北风2级
2020-03-25 周三,19°,8°,晴~阴,东北风1级
2020-03-26 周四,16°,12°,小雨,东南风2级
2020-03-27 周五,18°,13°,小雨~阴,西南风3级
2020-03-28 周六,13°,9°,小雨,东北风3级
2020-03-29 周日,13°,8°,阴,东北风4级
2020-03-30 周一,14°,9°,阴,东北风2级
2020-03-31 周二,14°,10°,阴~小雨,东北风2级
2020-02-01 周六,10°,5°,多云~晴,西北风2级
2020-02-02 周日,11°,5°,多云~晴,西南风2级
2020-02-03 周一,10°,6°,多云,西北风2级
2020-02-04 周二,10°,5°,多云~晴,西南风2级
2020-02-05 周三,7°,3°,多云~晴,西北风3级
2020-02-06 周四,6°,2°,多云~阴,东北风2级
2020-02-07 周五,9°,4°,阴~多云,西南风1级
2020-02-08 周六,8°,4°,多云~小雨,西北风3级
2020-02-09 周日,7°,4°,小雨~多云,西北风2级
2020-02-10 周一,10°,4°,多云~晴,西北风3级
2020-02-11 周二,13°,4°,多云~阴,东南风1级
2020-02-12 周三,13°,8°,小雨~阴,东南风3级
2020-02-13 周四,16°,10°,多云,西南风2级
2020-02-14 周五,16°,10°,多云~阴,东北风1级
2020-02-15 周六,17°,10°,阴~小雨,东南风1级
2020-02-16 周日,14°,3°,小雨,西南风4级
2020-02-17 周一,4°,0°,小雨~小雪,西北风5级
2020-02-18 周二,5°,0°,多云~晴,西北风3级
2020-02-19 周三,10°,2°,多云~阴,西南风1级
2020-02-20 周四,12°,6°,多云~晴,东北风2级
2020-02-21 周五,15°,5°,晴~小雨,东南风2级
2020-02-22 周六,13°,7°,多云~晴,西南风4级
2020-02-23 周日,10°,5°,晴,西北风3级
2020-02-24 周一,15°,5°,多云~阴,西南风1级
2020-02-25 周二,18°,8°,小雪~小雨,西南风2级
2020-02-26 周三,13°,8°,阴~小雨,东北风3级
2020-02-27 周四,9°,4°,多云~晴,东北风3级
2020-02-28 周五,12°,3°,小雨,东北风2级
2020-02-29 周六,10°,7°,小雨~多云,东北风2级
2020-01-15 周三,7°,3°,阴,西北风2级
2020-01-16 周四,9°,4°,阴,西北风1级
2020-01-17 周五,10°,6°,小雨,东北风2级
2020-01-18 周六,9°,6°,小雨~多云,西北风2级
2020-01-19 周日,8°,6°,阴,西南风3级
2020-01-20 周一,8°,6°,阴~多云,西北风3级
2020-01-21 周二,10°,5°,晴~多云,东北风2级
2020-01-22 周三,9°,5°,小雨,东南风2级
2020-01-23 周四,15°,10°,小雨~阴,西北风2级
2020-01-24 周五,13°,9°,阴,东北风3级
2020-01-25 周六,10°,7°,中雨,东北风2级
2020-01-26 周日,12°,7°,阴~小雨,东北风3级
2020-01-27 周一,11°,7°,小雨,东北风4级
2020-01-28 周二,11°,8°,小雨,西北风3级
2020-01-29 周三,9°,7°,小雨,东北风3级
2020-01-30 周四,9°,6°,小雨,东北风3级
2020-01-31 周五,7°,5°,小雨,东北风2级
2019-12-01 周日,17°,10°,小雨,东南风2级
2019-12-02 周一,15°,7°,小雨~多云,西北风4级
2019-12-03 周二,8°,6°,小雨,西北风3级
2019-12-04 周三,10°,8°,阴~小雨,西北风3级
2019-12-05 周四,10°,7°,阴,西北风3级
2019-12-06 周五,7°,4°,阴,东北风2级
2019-12-07 周六,9°,6°,多云~晴,西北风2级
2019-12-08 周日,11°,6°,晴,东北风1级
2019-12-09 周一,12°,6°,晴~多云,西南风2级
2019-12-10 周二,15°,8°,多云~晴,西南风1级
2019-12-11 周三,14°,9°,多云,西南风3级
2019-12-12 周四,11°,6°,多云,西北风3级
2019-12-13 周五,12°,5°,多云,东北风1级
2019-12-14 周六,12°,8°,阴,西北风2级
2019-12-15 周日,13°,7°,晴~多云,东北风2级
2019-12-16 周一,15°,8°,多云~阴,东南风1级
2019-12-17 周二,16°,12°,小雨,西南风2级
2019-12-18 周三,14°,10°,多云~晴,西北风2级
2019-12-19 周四,12°,9°,多云,西北风3级
2019-12-20 周五,9°,7°,多云~小雨,西北风2级
2019-12-21 周六,11°,6°,阴~小雨,东北风2级
2019-12-22 周日,8°,5°,小雨,东北风2级
2019-12-23 周一,12°,6°,晴~多云,西北风2级
2019-12-24 周二,12°,8°,多云~晴,东北风1级
2019-12-25 周三,12°,7°,小雨,东南风1级
2019-12-26 周四,13°,8°,小雨,西北风2级
2019-12-27 周五,8°,5°,晴,西北风3级
2019-11-01 周五,21°,14°,晴~多云,西北风2级
2019-11-02 周六,22°,14°,阴~多云,东北风1级
2019-11-03 周日,20°,16°,阴~多云,西北风2级
2019-11-04 周一,17°,12°,晴,东北风3级
2019-11-05 周二,18°,12°,晴,东北风2级
2019-11-06 周三,20°,12°,晴~多云,东北风1级
2019-11-07 周四,17°,14°,阴~多云,西北风2级
2019-11-08 周五,19°,13°,晴~小雨,西北风2级
2019-11-09 周六,17°,14°,多云~晴,东北风2级
2019-11-10 周日,18°,13°,阴~小雨,西南风2级
2019-11-11 周一,17°,14°,多云,西南风3级
2019-11-12 周二,19°,13°,晴,西北风1级
2019-11-13 周三,19°,13°,小雨,西南风2级
2019-11-14 周四,15°,7°,多云~晴,西北风3级
2019-11-15 周五,15°,8°,晴,东北风1级
2019-11-16 周六,18°,10°,晴~多云,西南风1级
2019-11-17 周日,20°,13°,多云~小雨,东南风1级
2019-11-18 周一,17°,11°,小雨~阴,西南风3级
2019-11-19 周二,11°,8°,阴~晴,西北风3级
2019-11-20 周三,11°,7°,多云~晴,东北风3级
2019-11-21 周四,15°,8°,晴,东北风2级
2019-11-22 周五,17°,10°,阴~晴,东北风2级
2019-11-23 周六,21°,11°,晴~小雨,东北风1级
2019-11-24 周日,17°,14°,小雨,东南风1级
2019-11-25 周一,17°,12°,阴,东北风3级
2019-11-26 周二,15°,10°,晴~多云,东北风3级
2019-11-27 周三,14°,11°,阴~小雨,东北风2级
2019-11-28 周四,13°,7°,多云~晴,东北风3级
2019-11-29 周五,13°,7°,晴,东北风2级
2019-11-30 周六,14°,8°,晴,东南风1级
2019-10-01 周二,28°,23°,阴~小雨,东北风2级
2019-10-02 周三,29°,22°,阴~小雨,东南风2级
2019-10-03 周四,26°,21°,小雨~晴,西南风4级
2019-10-04 周五,25°,20°,晴,东北风2级
2019-10-05 周六,27°,20°,晴~多云,西北风2级
2019-10-06 周日,23°,19°,多云~晴,东北风3级
2019-10-07 周一,26°,19°,多云~小雨,西南风2级
2019-10-08 周二,21°,18°,阴~晴,西北风3级
2019-10-09 周三,23°,17°,晴,东北风2级
2019-10-10 周四,25°,16°,晴,东北风2级
2019-10-11 周五,25°,18°,晴~阴,东北风3级
2019-10-12 周六,21°,18°,多云~小雨,东北风5级
2019-10-13 周日,20°,15°,晴,东北风4级
2019-10-14 周一,20°,16°,多云~晴,东北风3级
2019-10-15 周二,20°,14°,多云~晴,东北风4级
2019-10-16 周三,19°,13°,多云,东北风3级
2019-10-17 周四,22°,14°,小雨,东北风2级
2019-10-18 周五,19°,17°,大雨,东北风2级
2019-10-19 周六,21°,18°,多云,东北风3级
2019-10-20 周日,22°,17°,阴,东北风3级
2019-10-21 周一,22°,17°,阴~晴,东北风3级
2019-10-22 周二,23°,17°,多云~阴,东北风3级
2019-10-23 周三,22°,17°,阴~小雨,东北风2级
2019-10-24 周四,18°,16°,小雨~阴,东北风3级
2019-10-25 周五,20°,17°,多云~小雨,西北风3级
2019-10-26 周六,20°,15°,小雨~阴,西南风2级
2019-10-27 周日,18°,14°,多云,西北风2级
2019-10-28 周一,20°,13°,多云,西北风1级
2019-10-29 周二,20°,15°,多云,西南风2级
2019-10-30 周三,19°,14°,晴~多云,西南风2级
2019-10-31 周四,21°,13°,晴,西南风2级
2019-09-01 周日,22°,21°,中雨,东北风1级
2019-09-02 周一,30°,22°,阴,东北风1级
2019-09-03 周二,32°,23°,阴,东北风2级
2019-09-04 周三,33°,24°,小雨~阴,东北风1级
2019-09-05 周四,33°,24°,小雨~阴,东南风1级
2019-09-06 周五,33°,24°,阴,东南风3级
2019-09-07 周六,32°,26°,阴~多云,东南风3级
2019-09-08 周日,32°,25°,多云~小雨,西北风1级
2019-09-09 周一,33°,25°,多云~晴,西南风1级
2019-09-10 周二,32°,25°,小雨~晴,西北风1级
2019-09-11 周三,31°,25°,多云~晴,西北风2级
2019-09-12 周四,29°,24°,多云,东北风3级
2019-09-13 周五,29°,23°,晴,东北风3级
2019-09-14 周六,32°,23°,晴,东北风1级
2019-09-15 周日,30°,24°,晴~多云,东北风3级
2019-09-16 周一,26°,22°,小雨,东北风4级
2019-09-17 周二,27°,22°,多云,东北风4级
2019-09-18 周三,26°,21°,多云~晴,东北风3级
2019-09-19 周四,26°,20°,晴,东北风3级
2019-09-20 周五,21°,17°,中雨,东北风2级
2019-09-21 周六,24°,18°,阴~小雨,东北风3级
2019-09-22 周日,25°,21°,中雨,东南风4级
2019-09-23 周一,24°,19°,小雨,西北风4级
2019-09-24 周二,23°,18°,多云,东北风3级
2019-09-25 周三,26°,17°,多云,东北风2级
2019-09-26 周四,27°,20°,多云~晴,东北风2级
2019-09-27 周五,28°,21°,小雨,东北风1级
2019-09-28 周六,30°,22°,中雨,西北风2级
2019-09-29 周日,28°,23°,中雨~阴,西北风1级
2019-09-30 周一,30°,22°,小雨~阴,西北风1级
2019-08-01 周四,33°,26°,多云~晴,西北风1级
2019-08-02 周五,34°,25°,晴~多云,东北风2级
2019-08-03 周六,35°,26°,晴,东北风2级
2019-08-04 周日,36°,26°,晴~多云,东北风2级
2019-08-05 周一,33°,26°,多云~阴,东北风2级
2019-08-06 周二,28°,24°,大雨,东南风5级
2019-08-07 周三,33°,25°,多云~阴,西北风2级
2019-08-08 周四,36°,26°,多云~晴,东北风1级
2019-08-09 周五,35°,26°,阴,东北风1级
2019-08-10 周六,35°,26°,阴,东南风2级
2019-08-11 周日,35°,25°,阴,东南风2级
2019-08-12 周一,35°,26°,多云~晴,西北风1级
2019-08-13 周二,33°,27°,晴~多云,东北风3级
2019-08-14 周三,31°,26°,小雨,东北风4级
2019-08-15 周四,27°,25°,小雨,西北风4级
2019-08-16 周五,30°,25°,小雨~晴,西南风3级
2019-08-17 周六,31°,24°,多云,西南风2级
2019-08-18 周日,31°,24°,阴,西北风1级
2019-08-19 周一,28°,24°,小雨,东北风1级
2019-08-20 周二,26°,23°,大雨,东南风1级
2019-08-21 周三,31°,25°,多云,西南风2级
2019-08-22 周四,31°,25°,小雨,西南风3级
2019-08-23 周五,30°,25°,多云~阴,西南风3级
2019-08-24 周六,28°,24°,多云~阴,西南风2级
2019-08-25 周日,26°,20°,小雨,西南风2级
2019-08-26 周一,27°,20°,阴~小雨,西南风1级
2019-08-27 周二,24°,22°,中雨,西南风3级
2019-08-28 周三,25°,23°,大雨,西南风3级
2019-08-29 周四,28°,23°,中雨,西南风2级
2019-08-30 周五,27°,21°,阴~多云,西风2级
2019-08-31 周六,29°,21°,多云~小雨,西北风2级
2019-07-01 周一,25°,20°,小雨~阴,西南风2级
2019-07-02 周二,25°,20°,阴,西南风1级
2019-07-03 周三,23°,20°,小雨,西南风1级
2019-07-04 周四,27°,20°,多云,西北风2级
2019-07-05 周五,28°,21°,阴~多云,东北风2级
2019-07-06 周六,27°,21°,多云~晴,东北风3级
2019-07-07 周日,27°,20°,多云,东北风2级
2019-07-08 周一,27°,20°,小雨~多云,东北风2级
2019-07-09 周二,26°,21°,小雨~阴,东北风2级
2019-07-10 周三,26°,21°,中雨,东南风2级
2019-07-11 周四,26°,22°,多云,西南风3级
2019-07-12 周五,27°,21°,多云~阴,西南风3级
2019-07-13 周六,22°,19°,中雨~阴,东北风1级
2019-07-14 周日,25°,20°,小雨~阴,北风2级
2019-07-15 周一,27°,20°,多云,东北风2级
2019-07-16 周二,29°,20°,晴~多云,东北风2级
2019-07-17 周三,30°,22°,阴,东北风1级
2019-07-18 周四,29°,23°,大雨,东北风1级
2019-07-19 周五,27°,23°,中雨,东南风3级
2019-07-20 周六,31°,24°,小雨,东南风4级
2019-07-21 周日,28°,25°,大雨,西南风3级
2019-07-22 周一,29°,24°,大雨,西南风3级
2019-07-23 周二,30°,24°,阴,西南风2级
2019-07-24 周三,31°,24°,多云~小雨,西南风2级
2019-07-25 周四,32°,24°,晴~多云,西南风2级
2019-07-26 周五,32°,24°,多云,西南风1级
2019-07-27 周六,31°,25°,多云~阴,西南风2级
2019-07-28 周日,32°,25°,小雨~多云,西南风2级
2019-07-29 周一,31°,26°,中雨~阴,西南风2级
2019-07-30 周二,32°,25°,多云~晴,西南风2级
2019-07-31 周三,33°,26°,晴,西南风2级
2019-06-01 周六,27°,17°,多云~阴,东北风2级
2019-06-02 周日,26°,19°,小雨~阴,东北风1级
2019-06-03 周一,27°,19°,多云,北风1级
2019-06-04 周二,27°,21°,小雨,东南风1级
2019-06-05 周三,29°,21°,晴~阴,西北风2级
2019-06-06 周四,30°,21°,阴~小雨,西南风1级
2019-06-07 周五,25°,19°,小雨,西南风4级
2019-06-08 周六,23°,18°,阴~多云,东北风2级
2019-06-09 周日,25°,17°,多云,东北风2级
2019-06-10 周一,22°,17°,多云,东北风3级
2019-06-11 周二,22°,17°,晴~多云,东北风3级
2019-06-12 周三,22°,17°,多云,东北风3级
2019-06-13 周四,29°,17°,多云~阴,东北风2级
2019-06-14 周五,24°,19°,小雨,东北风2级
2019-06-15 周六,19°,17°,大雨,西北风3级
2019-06-16 周日,22°,17°,多云~阴,西北风2级
2019-06-17 周一,27°,17°,多云~阴,西北风1级
2019-06-18 周二,24°,19°,阴,西南风2级
2019-06-19 周三,27°,19°,多云,东北风2级
2019-06-20 周四,29°,20°,多云~阴,西北风1级
2019-06-21 周五,29°,21°,阴~晴,西北风2级
2019-06-22 周六,24°,18°,阴~多云,东北风3级
2019-06-23 周日,22°,17°,晴~多云,东北风3级
2019-06-24 周一,24°,18°,多云~晴,西北风2级
2019-06-25 周二,29°,18°,多云~阴,东北风2级
2019-06-26 周三,24°,21°,中雨,东南风1级
2019-06-27 周四,27°,21°,小雨~多云,西南风3级
2019-06-28 周五,28°,22°,小雨~多云,西南风1级
2019-06-29 周六,27°,22°,小雨,西南风3级
2019-06-30 周日,26°,21°,中雨,西南风3级
2019-05-01 周三,18°,14°,阴~晴,西北风2级
2019-05-02 周四,22°,13°,晴~多云,西南风2级
2019-05-03 周五,23°,13°,晴,西北风2级
2019-05-04 周六,25°,14°,多云~阴,东北风2级
2019-05-05 周日,26°,16°,阴~多云,西南风2级
2019-05-06 周一,21°,12°,小雨~晴,西北风3级
2019-05-07 周二,18°,12°,晴~多云,东北风3级
2019-05-08 周三,23°,11°,阴~小雨,西北风1级
2019-05-09 周四,21°,13°,小雨~阴,东南风2级
2019-05-10 周五,26°,14°,多云~晴,东北风2级
2019-05-11 周六,25°,16°,多云,东北风2级
2019-05-12 周日,27°,17°,多云,东北风1级
2019-05-13 周一,27°,17°,阴~小雨,西北风1级
2019-05-14 周二,23°,17°,小雨~阴,东北风2级
2019-05-15 周三,27°,17°,多云,东北风2级
2019-05-16 周四,27°,18°,多云~阴,东北风2级
2019-05-17 周五,27°,18°,阴,东南风3级
2019-05-18 周六,20°,19°,中雨,东南风3级
2019-05-19 周日,23°,19°,小雨,东南风2级
2019-05-20 周一,23°,16°,阴,西南风3级
2019-05-21 周二,21°,14°,多云,西北风3级
2019-05-22 周三,24°,15°,晴,西南风2级
2019-05-23 周四,26°,16°,晴,西南风3级
2019-05-24 周五,28°,18°,晴,西南风3级
2019-05-25 周六,29°,19°,阴,西南风2级
2019-05-26 周日,31°,21°,阴,西南风1级
2019-05-27 周一,22°,20°,小雨,西南风4级
2019-05-28 周二,22°,17°,阴,西北风3级
2019-05-29 周三,25°,16°,多云,西南风2级
2019-05-30 周四,27°,17°,阴,西南风2级
2019-05-31 周五,21°,16°,小雨~多云,东北风2级
2019-04-01 周一,10°,5°,多云~小雨,西北风4级
2019-04-02 周二,12°,7°,晴~多云,西北风3级
2019-04-03 周三,13°,7°,晴,西北风2级
2019-04-04 周四,16°,7°,多云~阴,西南风3级
2019-04-05 周五,17°,11°,多云~晴,西南风3级
2019-04-06 周六,21°,10°,晴~多云,西南风2级
2019-04-07 周日,21°,12°,多云,西南风2级
2019-04-08 周一,19°,12°,晴~多云,西北风2级
2019-04-09 周二,20°,10°,多云~小雨,东北风3级
2019-04-10 周三,16°,11°,小雨~阴,西北风3级
2019-04-11 周四,13°,9°,阴,东北风3级
2019-04-12 周五,14°,9°,晴,西北风2级
2019-04-13 周六,17°,8°,阴,东北风1级
2019-04-14 周日,17°,12°,阴~多云,西南风3级
2019-04-15 周一,15°,10°,晴~多云,西北风2级
2019-04-16 周二,23°,10°,阴,东北风1级
2019-04-17 周三,20°,13°,小雨~多云,西北风1级
2019-04-18 周四,21°,12°,多云,西南风2级
2019-04-19 周五,21°,13°,多云,西北风2级
2019-04-20 周六,23°,12°,晴,东北风2级
2019-04-21 周日,24°,14°,多云~阴,西北风2级
2019-04-22 周一,24°,16°,多云~阴,东北风2级
2019-04-23 周二,25°,17°,小雨,东南风2级
2019-04-24 周三,22°,17°,阴,西南风2级
2019-04-25 周四,20°,15°,阴,西北风2级
2019-04-26 周五,17°,12°,多云~小雨,西北风3级
2019-04-27 周六,15°,10°,多云~阴,东北风3级
2019-04-28 周日,20°,10°,小雨,东南风2级
2019-04-29 周一,17°,13°,中雨,东南风2级
2019-04-30 周二,18°,14°,小雨~阴,东北风2级
2019-03-01 周五,13°,9°,多云,东北风2级
2019-03-02 周六,16°,8°,多云~小雨,东北风2级
2019-03-03 周日,13°,8°,阴~小雨,东北风2级
2019-03-04 周一,12°,9°,多云~晴,东北风3级
2019-03-05 周二,17°,7°,多云~阴,东北风1级
2019-03-06 周三,11°,9°,中雨,东北风2级
2019-03-07 周四,10°,8°,小雨~多云,西北风3级
2019-03-08 周五,13°,8°,晴~多云,东北风2级
2019-03-09 周六,16°,6°,多云~小雨,东南风1级
2019-03-10 周日,12°,10°,中雨,东北风3级
2019-03-11 周一,14°,9°,多云~小雨,西北风3级
2019-03-12 周二,13°,9°,多云~小雨,西南风4级
2019-03-13 周三,9°,5°,多云,西北风4级
2019-03-14 周四,10°,6°,阴~晴,西北风2级
2019-03-15 周五,13°,5°,小雨,西南风3级
2019-03-16 周六,12°,6°,多云~晴,西北风3级
2019-03-17 周日,12°,7°,晴~多云,西北风3级
2019-03-18 周一,15°,6°,阴~小雨,西南风2级
2019-03-19 周二,14°,8°,小雨~晴,东北风2级
2019-03-20 周三,20°,9°,多云~小雨,东南风2级
2019-03-21 周四,19°,13°,小雨~阴,西南风3级
2019-03-22 周五,13°,9°,多云,西北风3级
2019-03-23 周六,11°,7°,多云~晴,西北风3级
2019-03-24 周日,11°,5°,晴~多云,西北风3级
2019-03-25 周一,13°,6°,阴~多云,西南风2级
2019-03-26 周二,15°,9°,晴,西北风2级
2019-03-27 周三,19°,9°,多云~阴,西南风3级
2019-03-28 周四,18°,12°,多云~阴,西北风2级
2019-03-29 周五,20°,11°,多云~阴,西北风2级
2019-03-30 周六,18°,9°,多云,西南风3级
2019-03-31 周日,10°,6°,多云,西北风4级
