日付,曜日,祝日,off,,
2020/1/1,三,元日,1,,
2020/1/2,四,,0,,
2020/1/3,五,,0,,
2020/1/4,六,,1,,
2020/1/5,日,,1,,
2020/1/6,一,,0,,
2020/1/7,二,,0,,
2020/1/8,三,,0,,
2020/1/9,四,,0,,
2020/1/10,五,,0,,
2020/1/11,六,,1,,
2020/1/12,日,,1,,
2020/1/13,一,成人の日,1,,
2020/1/14,二,,0,,
2020/1/15,三,,0,,
2020/1/16,四,,0,,
2020/1/17,五,,0,,
2020/1/18,六,,1,,
2020/1/19,日,,1,,
2020/1/20,一,,0,,
2020/1/21,二,,0,,
2020/1/22,三,,0,,
2020/1/23,四,,0,,
2020/1/24,五,,0,,
2020/1/25,六,,1,,
2020/1/26,日,,1,,
2020/1/27,一,,0,,
2020/1/28,二,,0,,
2020/1/29,三,,0,,
2020/1/30,四,,0,,
2020/1/31,五,,0,,
2020/2/1,六,,1,,
2020/2/2,日,,1,,
2020/2/3,一,,0,,
2020/2/4,二,,0,,
2020/2/5,三,,0,,
2020/2/6,四,,0,,
2020/2/7,五,,0,,
2020/2/8,六,,1,,
2020/2/9,日,,1,,
2020/2/10,一,,0,,
2020/2/11,二,建国記念日,1,,
2020/2/12,三,,0,,
2020/2/13,四,,0,,
2020/2/14,五,,0,,
2020/2/15,六,,1,,
2020/2/16,日,,1,,
2020/2/17,一,,0,,
2020/2/18,二,,0,,
2020/2/19,三,,0,,
2020/2/20,四,,0,,
2020/2/21,五,,0,,
2020/2/22,六,,1,,
2020/2/23,日,天皇誕生日,1,,
2020/2/24,一,振替休日,1,,
2020/2/25,二,,0,,
2020/2/26,三,,0,,
2020/2/27,四,,0,,
2020/2/28,五,,0,,
2020/2/29,六,,1,,
2020/3/1,日,,1,,
2020/3/2,一,,0,,
2020/3/3,二,,0,,
2020/3/4,三,,0,,
2020/3/5,四,,0,,
2020/3/6,五,,0,,
2020/3/7,六,,1,,
2020/3/8,日,,1,,
2020/3/9,一,,0,,
2020/3/10,二,,0,,
2020/3/11,三,,0,,
2020/3/12,四,,0,,
2020/3/13,五,,0,,
2020/3/14,六,,1,,
2020/3/15,日,,1,,
2020/3/16,一,,0,,
2020/3/17,二,,0,,
2020/3/18,三,,0,,
2020/3/19,四,,0,,
2020/3/20,五,春分の日,1,,
2020/3/21,六,,1,,
2020/3/22,日,,1,,
2020/3/23,一,,0,,
2020/3/24,二,,0,,
2020/3/25,三,,0,,
2020/3/26,四,,0,,
2020/3/27,五,,0,,
2020/3/28,六,,1,,
2020/3/29,日,,1,,
2020/3/30,一,,0,,
2020/3/31,二,,0,,
2020/4/1,三,,0,,
2020/4/2,四,,0,,
2020/4/3,五,,0,,
2020/4/4,六,,1,,
2020/4/5,日,,1,,
2020/4/6,一,,0,,
2020/4/7,二,,0,,
2020/4/8,三,,0,,
2020/4/9,四,,0,,
2020/4/10,五,,0,,
2020/4/11,六,,1,,
2020/4/12,日,,1,,
2020/4/13,一,,0,,
2020/4/14,二,,0,,
2020/4/15,三,,0,,
2020/4/16,四,,0,,
2020/4/17,五,,0,,
2020/4/18,六,,1,,
2020/4/19,日,,1,,
2020/4/20,一,,0,,
2020/4/21,二,,0,,
2020/4/22,三,,0,,
2020/4/23,四,,0,,
2020/4/24,五,,0,,
2020/4/25,六,,1,,
2020/4/26,日,,1,,
2020/4/27,一,,0,,
2020/4/28,二,,0,,
2020/4/29,三,昭和の日,1,,
2020/4/30,四,,0,,
2020/5/1,五,,0,,
2020/5/2,六,,1,,
2020/5/3,日,憲法記念日,1,,
2020/5/4,一,みどりの日,1,,
2020/5/5,二,こどもの日,1,,
2020/5/6,三,振替休日,1,,
2020/5/7,四,,0,,
2020/5/8,五,,0,,
2020/5/9,六,,1,,
2020/5/10,日,,1,,
2020/5/11,一,,0,,
2020/5/12,二,,0,,
2020/5/13,三,,0,,
2020/5/14,四,,0,,
2020/5/15,五,,0,,
2020/5/16,六,,1,,
2020/5/17,日,,1,,
2020/5/18,一,,0,,
2020/5/19,二,,0,,
2020/5/20,三,,0,,
2020/5/21,四,,0,,
2020/5/22,五,,0,,
2020/5/23,六,,1,,
2020/5/24,日,,1,,
2020/5/25,一,,0,,
2020/5/26,二,,0,,
2020/5/27,三,,0,,
2020/5/28,四,,0,,
2020/5/29,五,,0,,
2020/5/30,六,,1,,
2020/5/31,日,,1,,
2020/6/1,一,,0,,
2020/6/2,二,,0,,
2020/6/3,三,,0,,
2020/6/4,四,,0,,
2020/6/5,五,,0,,
2020/6/6,六,,1,,
2020/6/7,日,,1,,
2020/6/8,一,,0,,
2020/6/9,二,,0,,
2020/6/10,三,,0,,
2020/6/11,四,,0,,
2020/6/12,五,,0,,
2020/6/13,六,,1,,
2020/6/14,日,,1,,
2020/6/15,一,,0,,
2020/6/16,二,,0,,
2020/6/17,三,,0,,
2020/6/18,四,,0,,
2020/6/19,五,,0,,
2020/6/20,六,,1,,
2020/6/21,日,,1,,
2020/6/22,一,,0,,
2020/6/23,二,,0,,
2020/6/24,三,,0,,
2020/6/25,四,,0,,
2020/6/26,五,,0,,
2020/6/27,六,,1,,
2020/6/28,日,,1,,
2020/6/29,一,,0,,
2020/6/30,二,,0,,
2020/7/1,三,,0,,
2020/7/2,四,,0,,
2020/7/3,五,,0,,
2020/7/4,六,,1,,
2020/7/5,日,,1,,
2020/7/6,一,,0,,
2020/7/7,二,,0,,
2020/7/8,三,,0,,
2020/7/9,四,,0,,
2020/7/10,五,,0,,
2020/7/11,六,,1,,
2020/7/12,日,,1,,
2020/7/13,一,,0,,
2020/7/14,二,,0,,
2020/7/15,三,,0,,
2020/7/16,四,,0,,
2020/7/17,五,,0,,
2020/7/18,六,,1,,
2020/7/19,日,,1,,
2020/7/20,一,,0,,
2020/7/21,二,,0,,
2020/7/22,三,,0,,
2020/7/23,四,海の日,1,,
2020/7/24,五,スポーツの日,1,,
2020/7/25,六,,1,,
2020/7/26,日,,1,,
2020/7/27,一,,0,,
2020/7/28,二,,0,,
2020/7/29,三,,0,,
2020/7/30,四,,0,,
2020/7/31,五,,0,,
2020/8/1,六,,1,,
2020/8/2,日,,1,,
2020/8/3,一,,0,,
2020/8/4,二,,0,,
2020/8/5,三,,0,,
2020/8/6,四,,0,,
2020/8/7,五,,0,,
2020/8/8,六,,1,,
2020/8/9,日,,1,,
2020/8/10,一,山の日,1,,
2020/8/11,二,,0,,
2020/8/12,三,,0,,
2020/8/13,四,,0,,
2020/8/14,五,,0,,
2020/8/15,六,,1,,
2020/8/16,日,,1,,
2020/8/17,一,,0,,
2020/8/18,二,,0,,
2020/8/19,三,,0,,
2020/8/20,四,,0,,
2020/8/21,五,,0,,
2020/8/22,六,,1,,
2020/8/23,日,,1,,
2020/8/24,一,,0,,
2020/8/25,二,,0,,
2020/8/26,三,,0,,
2020/8/27,四,,0,,
2020/8/28,五,,0,,
2020/8/29,六,,1,,
2020/8/30,日,,1,,
2020/8/31,一,,0,,
2020/9/1,二,,0,,
2020/9/2,三,,0,,
2020/9/3,四,,0,,
2020/9/4,五,,0,,
2020/9/5,六,,1,,
2020/9/6,日,,1,,
2020/9/7,一,,0,,
2020/9/8,二,,0,,
2020/9/9,三,,0,,
2020/9/10,四,,0,,
2020/9/11,五,,0,,
2020/9/12,六,,1,,
2020/9/13,日,,1,,
2020/9/14,一,,0,,
2020/9/15,二,,0,,
2020/9/16,三,,0,,
2020/9/17,四,,0,,
2020/9/18,五,,0,,
2020/9/19,六,,1,,
2020/9/20,日,,1,,
2020/9/21,一,敬老の日,1,,
2020/9/22,二,秋分の日,1,,
2020/9/23,三,,0,,
2020/9/24,四,,0,,
2020/9/25,五,,0,,
2020/9/26,六,,1,,
2020/9/27,日,,1,,
2020/9/28,一,,0,,
2020/9/29,二,,0,,
2020/9/30,三,,0,,
2020/10/1,四,,0,,
2020/10/2,五,,0,,
2020/10/3,六,,1,,
2020/10/4,日,,1,,
2020/10/5,一,,0,,
2020/10/6,二,,0,,
2020/10/7,三,,0,,
2020/10/8,四,,0,,
2020/10/9,五,,0,,
2020/10/10,六,,1,,
2020/10/11,日,,1,,
2020/10/12,一,,0,,
2020/10/13,二,,0,,
2020/10/14,三,,0,,
2020/10/15,四,,0,,
2020/10/16,五,,0,,
2020/10/17,六,,1,,
2020/10/18,日,,1,,
2020/10/19,一,,0,,
2020/10/20,二,,0,,
2020/10/21,三,,0,,
2020/10/22,四,,0,,
2020/10/23,五,,0,,
2020/10/24,六,,1,,
2020/10/25,日,,1,,
2020/10/26,一,,0,,
2020/10/27,二,,0,,
2020/10/28,三,,0,,
2020/10/29,四,,0,,
2020/10/30,五,,0,,
2020/10/31,六,,1,,
2020/11/1,日,,1,,
2020/11/2,一,,0,,
2020/11/3,二,文化の日,1,,
2020/11/4,三,,0,,
2020/11/5,四,,0,,
2020/11/6,五,,0,,
2020/11/7,六,,1,,
2020/11/8,日,,1,,
2020/11/9,一,,0,,
2020/11/10,二,,0,,
2020/11/11,三,,0,,
2020/11/12,四,,0,,
2020/11/13,五,,0,,
2020/11/14,六,,1,,
2020/11/15,日,,1,,
2020/11/16,一,,0,,
2020/11/17,二,,0,,
2020/11/18,三,,0,,
2020/11/19,四,,0,,
2020/11/20,五,,0,,
2020/11/21,六,,1,,
2020/11/22,日,,1,,
2020/11/23,一,勤労感謝の日,1,,
2020/11/24,二,,0,,
2020/11/25,三,,0,,
2020/11/26,四,,0,,
2020/11/27,五,,0,,
2020/11/28,六,,1,,
2020/11/29,日,,1,,
2020/11/30,一,,0,,
2020/12/1,二,,0,,
2020/12/2,三,,0,,
2020/12/3,四,,0,,
2020/12/4,五,,0,,
2020/12/5,六,,1,,
2020/12/6,日,,1,,
2020/12/7,一,,0,,
2020/12/8,二,,0,,
2020/12/9,三,,0,,
2020/12/10,四,,0,,
2020/12/11,五,,0,,
2020/12/12,六,,1,,
2020/12/13,日,,1,,
2020/12/14,一,,0,,
2020/12/15,二,,0,,
2020/12/16,三,,0,,
2020/12/17,四,,0,,
2020/12/18,五,,0,,
2020/12/19,六,,1,,
2020/12/20,日,,1,,
2020/12/21,一,,0,,
2020/12/22,二,,0,,
2020/12/23,三,,0,,
2020/12/24,四,,0,,
2020/12/25,五,,0,,
2020/12/26,六,,1,,
2020/12/27,日,,1,,
2020/12/28,一,,0,,
2020/12/29,二,,0,,
2020/12/30,三,,0,,
2020/12/31,四,,0,,
2021/1/1,五,元日,1,,
2021/1/2,六,,1,,
2021/1/3,日,,1,,
2021/1/4,一,,0,,
2021/1/5,二,,0,,
2021/1/6,三,,0,,
2021/1/7,四,,0,,
2021/1/8,五,,0,,
2021/1/9,六,,1,,
2021/1/10,日,,1,,
2021/1/11,一,成人の日,1,,
2021/1/12,二,,0,,
2021/1/13,三,,0,,
2021/1/14,四,,0,,
2021/1/15,五,,0,,
2021/1/16,六,,1,,
2021/1/17,日,,1,,
2021/1/18,一,,0,,
2021/1/19,二,,0,,
2021/1/20,三,,0,,
2021/1/21,四,,0,,
2021/1/22,五,,0,,
2021/1/23,六,,1,,
2021/1/24,日,,1,,
2021/1/25,一,,0,,
2021/1/26,二,,0,,
2021/1/27,三,,0,,
2021/1/28,四,,0,,
2021/1/29,五,,0,,
2021/1/30,六,,1,,
2021/1/31,日,,1,,
2021/2/1,一,,0,,
2021/2/2,二,,0,,
2021/2/3,三,,0,,
2021/2/4,四,,0,,
2021/2/5,五,,0,,
2021/2/6,六,,1,,
2021/2/7,日,,1,,
2021/2/8,一,,0,,
2021/2/9,二,,0,,
2021/2/10,三,,0,,
2021/2/11,四,建国記念の日,1,,
2021/2/12,五,,0,,
2021/2/13,六,,1,,
2021/2/14,日,,1,,
2021/2/15,一,,0,,
2021/2/16,二,,0,,
2021/2/17,三,,0,,
2021/2/18,四,,0,,
2021/2/19,五,,0,,
2021/2/20,六,,1,,
2021/2/21,日,,1,,
2021/2/22,一,,0,,
2021/2/23,二,天皇誕生日,1,,
2021/2/24,三,,0,,
2021/2/25,四,,0,,
2021/2/26,五,,0,,
2021/2/27,六,,1,,
2021/2/28,日,,1,,
2021/3/1,一,,0,,
2021/3/2,二,,0,,
2021/3/3,三,,0,,
2021/3/4,四,,0,,
2021/3/5,五,,0,,
2021/3/6,六,,1,,
2021/3/7,日,,1,,
2021/3/8,一,,0,,
2021/3/9,二,,0,,
2021/3/10,三,,0,,
2021/3/11,四,,0,,
2021/3/12,五,,0,,
2021/3/13,六,,1,,
2021/3/14,日,,1,,
2021/3/15,一,,0,,
2021/3/16,二,,0,,
2021/3/17,三,,0,,
2021/3/18,四,,0,,
2021/3/19,五,,0,,
2021/3/20,六,春分の日,1,,
2021/3/21,日,,1,,
2021/3/22,一,,0,,
2021/3/23,二,,0,,
2021/3/24,三,,0,,
2021/3/25,四,,0,,
2021/3/26,五,,0,,
2021/3/27,六,,1,,
2021/3/28,日,,1,,
2021/3/29,一,,0,,
2021/3/30,二,,0,,
2021/3/31,三,,0,,
2021/4/1,四,,0,,
2021/4/2,五,,0,,
2021/4/3,六,,1,,
2021/4/4,日,,1,,
2021/4/5,一,,0,,
2021/4/6,二,,0,,
2021/4/7,三,,0,,
2021/4/8,四,,0,,
2021/4/9,五,,0,,
2021/4/10,六,,1,,
2021/4/11,日,,1,,
2021/4/12,一,,0,,
2021/4/13,二,,0,,
2021/4/14,三,,0,,
2021/4/15,四,,0,,
2021/4/16,五,,0,,
2021/4/17,六,,1,,
2021/4/18,日,,1,,
2021/4/19,一,,0,,
2021/4/20,二,,0,,
2021/4/21,三,,0,,
2021/4/22,四,,0,,
2021/4/23,五,,0,,
2021/4/24,六,,1,,
2021/4/25,日,,1,,
2021/4/26,一,,0,,
2021/4/27,二,,0,,
2021/4/28,三,,0,,
2021/4/29,四,昭和の日,1,,
2021/4/30,五,,0,,
2021/5/1,六,,1,,
2021/5/2,日,,1,,
2021/5/3,一,憲法記念日,1,,
2021/5/4,二,みどりの日,1,,
2021/5/5,三,こどもの日,1,,
2021/5/6,四,,0,,
2021/5/7,五,,0,,
2021/5/8,六,,1,,
2021/5/9,日,,1,,
2021/5/10,一,,0,,
2021/5/11,二,,0,,
2021/5/12,三,,0,,
2021/5/13,四,,0,,
2021/5/14,五,,0,,
2021/5/15,六,,1,,
2021/5/16,日,,1,,
2021/5/17,一,,0,,
2021/5/18,二,,0,,
2021/5/19,三,,0,,
2021/5/20,四,,0,,
2021/5/21,五,,0,,
2021/5/22,六,,1,,
2021/5/23,日,,1,,
2021/5/24,一,,0,,
2021/5/25,二,,0,,
2021/5/26,三,,0,,
2021/5/27,四,,0,,
2021/5/28,五,,0,,
2021/5/29,六,,1,,
2021/5/30,日,,1,,
2021/5/31,一,,0,,
2021/6/1,二,,0,,
2021/6/2,三,,0,,
2021/6/3,四,,0,,
2021/6/4,五,,0,,
2021/6/5,六,,1,,
2021/6/6,日,,1,,
2021/6/7,一,,0,,
2021/6/8,二,,0,,
2021/6/9,三,,0,,
2021/6/10,四,,0,,
2021/6/11,五,,0,,
2021/6/12,六,,1,,
2021/6/13,日,,1,,
2021/6/14,一,,0,,
2021/6/15,二,,0,,
2021/6/16,三,,0,,
2021/6/17,四,,0,,
2021/6/18,五,,0,,
2021/6/19,六,,1,,
2021/6/20,日,,1,,
2021/6/21,一,,0,,
2021/6/22,二,,0,,
2021/6/23,三,,0,,
2021/6/24,四,,0,,
2021/6/25,五,,0,,
2021/6/26,六,,1,,
2021/6/27,日,,1,,
2021/6/28,一,,0,,
2021/6/29,二,,0,,
2021/6/30,三,,0,,
2021/7/1,四,,0,,
2021/7/2,五,,0,,
2021/7/3,六,,1,,
2021/7/4,日,,1,,
2021/7/5,一,,0,,
2021/7/6,二,,0,,
2021/7/7,三,,0,,
2021/7/8,四,,0,,
2021/7/9,五,,0,,
2021/7/10,六,,1,,
2021/7/11,日,,1,,
2021/7/12,一,,0,,
2021/7/13,二,,0,,
2021/7/14,三,,0,,
2021/7/15,四,,0,,
2021/7/16,五,,0,,
2021/7/17,六,,1,,
2021/7/18,日,,1,,
2021/7/19,一,,0,,
2021/7/20,二,,0,,
2021/7/21,三,,0,,
2021/7/22,四,海の日,1,,
2021/7/23,五,スポーツの日,1,,
2021/7/24,六,,1,,
2021/7/25,日,,1,,
2021/7/26,一,,0,,
2021/7/27,二,,0,,
2021/7/28,三,,0,,
2021/7/29,四,,0,,
2021/7/30,五,,0,,
2021/7/31,六,,1,,
2021/8/1,日,,1,,
2021/8/2,一,,0,,
2021/8/3,二,,0,,
2021/8/4,三,,0,,
2021/8/5,四,,0,,
2021/8/6,五,,0,,
2021/8/7,六,,1,,
2021/8/8,日,山の日,1,,
2021/8/9,一,,0,,
2021/8/10,二,,0,,
2021/8/11,三,,0,,
2021/8/12,四,,0,,
2021/8/13,五,,0,,
2021/8/14,六,,1,,
2021/8/15,日,,1,,
2021/8/16,一,,0,,
2021/8/17,二,,0,,
2021/8/18,三,,0,,
2021/8/19,四,,0,,
2021/8/20,五,,0,,
2021/8/21,六,,1,,
2021/8/22,日,,1,,
2021/8/23,一,,0,,
2021/8/24,二,,0,,
2021/8/25,三,,0,,
2021/8/26,四,,0,,
2021/8/27,五,,0,,
2021/8/28,六,,1,,
2021/8/29,日,,1,,
2021/8/30,一,,0,,
2021/8/31,二,,0,,
2021/9/1,三,,0,,
2021/9/2,四,,0,,
2021/9/3,五,,0,,
2021/9/4,六,,1,,
2021/9/5,日,,1,,
2021/9/6,一,,0,,
2021/9/7,二,,0,,
2021/9/8,三,,0,,
2021/9/9,四,,0,,
2021/9/10,五,,0,,
2021/9/11,六,,1,,
2021/9/12,日,,1,,
2021/9/13,一,,0,,
2021/9/14,二,,0,,
2021/9/15,三,,0,,
2021/9/16,四,,0,,
2021/9/17,五,,0,,
2021/9/18,六,,1,,
2021/9/19,日,,1,,
2021/9/20,一,敬老の日,1,,
2021/9/21,二,,0,,
2021/9/22,三,,0,,
2021/9/23,四,秋分の日,1,,
2021/9/24,五,,0,,
2021/9/25,六,,1,,
2021/9/26,日,,1,,
2021/9/27,一,,0,,
2021/9/28,二,,0,,
2021/9/29,三,,0,,
2021/9/30,四,,0,,
2021/10/1,五,,0,,
2021/10/2,六,,1,,
2021/10/3,日,,1,,
2021/10/4,一,,0,,
2021/10/5,二,,0,,
2021/10/6,三,,0,,
2021/10/7,四,,0,,
2021/10/8,五,,0,,
2021/10/9,六,,1,,
2021/10/10,日,,1,,
2021/10/11,一,,0,,
2021/10/12,二,,0,,
2021/10/13,三,,0,,
2021/10/14,四,,0,,
2021/10/15,五,,0,,
2021/10/16,六,,1,,
2021/10/17,日,,1,,
2021/10/18,一,,0,,
2021/10/19,二,,0,,
2021/10/20,三,,0,,
2021/10/21,四,,0,,
2021/10/22,五,,0,,
2021/10/23,六,,1,,
2021/10/24,日,,1,,
2021/10/25,一,,0,,
2021/10/26,二,,0,,
2021/10/27,三,,0,,
2021/10/28,四,,0,,
2021/10/29,五,,0,,
2021/10/30,六,,1,,
2021/10/31,日,,1,,
2021/11/1,一,,0,,
2021/11/2,二,,0,,
2021/11/3,三,文化の日,1,,
2021/11/4,四,,0,,
2021/11/5,五,,0,,
2021/11/6,六,,1,,
2021/11/7,日,,1,,
2021/11/8,一,,0,,
2021/11/9,二,,0,,
2021/11/10,三,,0,,
2021/11/11,四,,0,,
2021/11/12,五,,0,,
2021/11/13,六,,1,,
2021/11/14,日,,1,,
2021/11/15,一,,0,,
2021/11/16,二,,0,,
2021/11/17,三,,0,,
2021/11/18,四,,0,,
2021/11/19,五,,0,,
2021/11/20,六,,1,,
2021/11/21,日,,1,,
2021/11/22,一,,0,,
2021/11/23,二,勤労感謝の日,1,,
2021/11/24,三,,0,,
2021/11/25,四,,0,,
2021/11/26,五,,0,,
2021/11/27,六,,1,,
2021/11/28,日,,1,,
2021/11/29,一,,0,,
2021/11/30,二,,0,,
2021/12/1,三,,0,,
2021/12/2,四,,0,,
2021/12/3,五,,0,,
2021/12/4,六,,1,,
2021/12/5,日,,1,,
2021/12/6,一,,0,,
2021/12/7,二,,0,,
2021/12/8,三,,0,,
2021/12/9,四,,0,,
2021/12/10,五,,0,,
2021/12/11,六,,1,,
2021/12/12,日,,1,,
2021/12/13,一,,0,,
2021/12/14,二,,0,,
2021/12/15,三,,0,,
2021/12/16,四,,0,,
2021/12/17,五,,0,,
2021/12/18,六,,1,,
2021/12/19,日,,1,,
2021/12/20,一,,0,,
2021/12/21,二,,0,,
2021/12/22,三,,0,,
2021/12/23,四,,0,,
2021/12/24,五,,0,,
2021/12/25,六,,1,,
2021/12/26,日,,1,,
2021/12/27,一,,0,,
2021/12/28,二,,0,,
2021/12/29,三,,0,,
2021/12/30,四,,0,,
2021/12/31,五,,0,,